<?xml version="1.0" encoding="UTF-8"?>
<GenRun Id="impl_1" LaunchPart="xc7a100tcsg324-1" LaunchTime="1728989855">
  <File Type="ROUTE-PWR" Name="shift_reg_power_routed.rpt"/>
  <File Type="PA-TCL" Name="shift_reg.tcl"/>
  <File Type="ROUTE-PWR-SUM" Name="shift_reg_power_summary_routed.pb"/>
  <File Type="REPORTS-TCL" Name="shift_reg_reports.tcl"/>
  <File Type="OPT-RQA-PB" Name="shift_reg_rqa_opted.pb"/>
  <File Type="BITSTR-MMI" Name="shift_reg.mmi"/>
  <File Type="OPT-METHODOLOGY-DRC" Name="shift_reg_methodology_drc_opted.rpt"/>
  <File Type="INIT-TIMING" Name="shift_reg_timing_summary_init.rpt"/>
  <File Type="OPT-TIMING" Name="shift_reg_timing_summary_opted.rpt"/>
  <File Type="OPT-DCP" Name="shift_reg_opt.dcp"/>
  <File Type="OPT-DRC" Name="shift_reg_drc_opted.rpt"/>
  <File Type="OPT-HWDEF" Name="shift_reg.hwdef"/>
  <File Type="PWROPT-DCP" Name="shift_reg_pwropt.dcp"/>
  <File Type="PWROPT-DRC" Name="shift_reg_drc_pwropted.rpt"/>
  <File Type="PWROPT-TIMING" Name="shift_reg_timing_summary_pwropted.rpt"/>
  <File Type="PLACE-DCP" Name="shift_reg_placed.dcp"/>
  <File Type="PLACE-IO" Name="shift_reg_io_placed.rpt"/>
  <File Type="PLACE-CLK" Name="shift_reg_clock_utilization_placed.rpt"/>
  <File Type="PLACE-UTIL" Name="shift_reg_utilization_placed.rpt"/>
  <File Type="PLACE-UTIL-PB" Name="shift_reg_utilization_placed.pb"/>
  <File Type="PLACE-CTRL" Name="shift_reg_control_sets_placed.rpt"/>
  <File Type="PLACE-SIMILARITY" Name="shift_reg_incremental_reuse_placed.rpt"/>
  <File Type="PLACE-PRE-SIMILARITY" Name="shift_reg_incremental_reuse_pre_placed.rpt"/>
  <File Type="BG-BIN" Name="shift_reg.bin"/>
  <File Type="PLACE-TIMING" Name="shift_reg_timing_summary_placed.rpt"/>
  <File Type="ROUTE-PWR-RPX" Name="shift_reg_power_routed.rpx"/>
  <File Type="PLACE-RQA-PB" Name="shift_reg_rqa_placed.pb"/>
  <File Type="POSTPLACE-PWROPT-DCP" Name="shift_reg_postplace_pwropt.dcp"/>
  <File Type="BITSTR-MSK" Name="shift_reg.msk"/>
  <File Type="POSTPLACE-PWROPT-TIMING" Name="shift_reg_timing_summary_postplace_pwropted.rpt"/>
  <File Type="PHYSOPT-DCP" Name="shift_reg_physopt.dcp"/>
  <File Type="PHYSOPT-DRC" Name="shift_reg_drc_physopted.rpt"/>
  <File Type="BITSTR-RBT" Name="shift_reg.rbt"/>
  <File Type="PHYSOPT-TIMING" Name="shift_reg_timing_summary_physopted.rpt"/>
  <File Type="ROUTE-ERROR-DCP" Name="shift_reg_routed_error.dcp"/>
  <File Type="ROUTE-DCP" Name="shift_reg_routed.dcp"/>
  <File Type="ROUTE-BLACKBOX-DCP" Name="shift_reg_routed_bb.dcp"/>
  <File Type="ROUTE-DRC" Name="shift_reg_drc_routed.rpt"/>
  <File Type="ROUTE-DRC-PB" Name="shift_reg_drc_routed.pb"/>
  <File Type="ROUTE-DRC-RPX" Name="shift_reg_drc_routed.rpx"/>
  <File Type="ROUTE-METHODOLOGY-DRC" Name="shift_reg_methodology_drc_routed.rpt"/>
  <File Type="ROUTE-METHODOLOGY-DRC-RPX" Name="shift_reg_methodology_drc_routed.rpx"/>
  <File Type="ROUTE-METHODOLOGY-DRC-PB" Name="shift_reg_methodology_drc_routed.pb"/>
  <File Type="ROUTE-RQS-PB" Name="shift_reg_rqs_routed.pb"/>
  <File Type="ROUTE-STATUS" Name="shift_reg_route_status.rpt"/>
  <File Type="ROUTE-STATUS-PB" Name="shift_reg_route_status.pb"/>
  <File Type="ROUTE-TIMINGSUMMARY" Name="shift_reg_timing_summary_routed.rpt"/>
  <File Type="ROUTE-TIMING-PB" Name="shift_reg_timing_summary_routed.pb"/>
  <File Type="ROUTE-TIMING-RPX" Name="shift_reg_timing_summary_routed.rpx"/>
  <File Type="ROUTE-SIMILARITY" Name="shift_reg_incremental_reuse_routed.rpt"/>
  <File Type="ROUTE-CLK" Name="shift_reg_clock_utilization_routed.rpt"/>
  <File Type="ROUTE-BUS-SKEW" Name="shift_reg_bus_skew_routed.rpt"/>
  <File Type="ROUTE-BUS-SKEW-PB" Name="shift_reg_bus_skew_routed.pb"/>
  <File Type="ROUTE-BUS-SKEW-RPX" Name="shift_reg_bus_skew_routed.rpx"/>
  <File Type="POSTROUTE-PHYSOPT-DCP" Name="shift_reg_postroute_physopt.dcp"/>
  <File Type="POSTROUTE-PHYSOPT-BLACKBOX-DCP" Name="shift_reg_postroute_physopt_bb.dcp"/>
  <File Type="POSTROUTE-PHYSOPT-TIMING" Name="shift_reg_timing_summary_postroute_physopted.rpt"/>
  <File Type="POSTROUTE-PHYSOPT-TIMING-PB" Name="shift_reg_timing_summary_postroute_physopted.pb"/>
  <File Type="POSTROUTE-PHYSOPT-TIMING-RPX" Name="shift_reg_timing_summary_postroute_physopted.rpx"/>
  <File Type="POSTROUTE-PHYSOPT-BUS-SKEW" Name="shift_reg_bus_skew_postroute_physopted.rpt"/>
  <File Type="BG-BIT" Name="shift_reg.bit"/>
  <File Type="POSTROUTE-PHYSOPT-BUS-SKEW-PB" Name="shift_reg_bus_skew_postroute_physopted.pb"/>
  <File Type="POSTROUTE-PHYSOPT-BUS-SKEW-RPX" Name="shift_reg_bus_skew_postroute_physopted.rpx"/>
  <File Type="BITSTR-NKY" Name="shift_reg.nky"/>
  <File Type="BITSTR-BMM" Name="shift_reg_bd.bmm"/>
  <File Type="PDI-FILE" Name="shift_reg.pdi"/>
  <File Type="BOOT-PDI-FILE" Name="shift_reg_boot.pdi"/>
  <File Type="PL-PDI-FILE" Name="shift_reg_pld.pdi"/>
  <File Type="RCFI_FILE" Name="shift_reg.rcfi"/>
  <File Type="CFI_FILE" Name="shift_reg.cfi"/>
  <File Type="RNPI_FILE" Name="shift_reg.rnpi"/>
  <File Type="NPI_FILE" Name="shift_reg.npi"/>
  <File Type="RBD_FILE" Name="shift_reg.rbd"/>
  <File Type="BITSTR-LTX" Name="debug_nets.ltx"/>
  <File Type="BITSTR-LTX" Name="shift_reg.ltx"/>
  <File Type="BITSTR-SYSDEF" Name="shift_reg.sysdef"/>
  <File Type="BG-BGN" Name="shift_reg.bgn"/>
  <File Type="BG-DRC" Name="shift_reg.drc"/>
  <File Type="RDI-RDI" Name="shift_reg.vdi"/>
  <File Type="WBT-USG" Name="usage_statistics_webtalk.html"/>
  <File Type="ROUTE-RQS" Name="shift_reg_routed.rqs"/>
  <File Type="POSTROUTE-PHYSOPT-RQS" Name="shift_reg_postroute_physopted.rqs"/>
  <File Type="ROUTE-RQS-RPT" Name="route_report_qor_suggestions_0.rpt"/>
  <File Type="POSTROUTE-PHYSOPT-RQS-RPT" Name="postroute_physopt_report_qor_suggestions_0.rpt"/>
  <FileSet Name="sources" Type="DesignSrcs" RelSrcDir="$PSRCDIR/sources_1" RelGenDir="$PGENDIR/sources_1">
    <Filter Type="Srcs"/>
    <File Path="$PSRCDIR/sources_1/new/shift_reg.v">
      <FileInfo>
        <Attr Name="UsedIn" Val="synthesis"/>
        <Attr Name="UsedIn" Val="implementation"/>
        <Attr Name="UsedIn" Val="simulation"/>
      </FileInfo>
    </File>
    <Config>
      <Option Name="DesignMode" Val="RTL"/>
      <Option Name="TopModule" Val="shift_reg"/>
      <Option Name="TopAutoSet" Val="TRUE"/>
    </Config>
  </FileSet>
  <FileSet Name="constrs_in" Type="Constrs" RelSrcDir="$PSRCDIR/constrs_1" RelGenDir="$PGENDIR/constrs_1">
    <Filter Type="Constrs"/>
    <File Path="$PSRCDIR/constrs_1/new/constrain.xdc">
      <FileInfo>
        <Attr Name="UsedIn" Val="synthesis"/>
        <Attr Name="UsedIn" Val="implementation"/>
      </FileInfo>
    </File>
    <Config>
      <Option Name="TargetConstrsFile" Val="$PSRCDIR/constrs_1/new/constrain.xdc"/>
      <Option Name="ConstrsType" Val="XDC"/>
    </Config>
  </FileSet>
  <FileSet Name="utils" Type="Utils" RelSrcDir="$PSRCDIR/utils_1" RelGenDir="$PGENDIR/utils_1">
    <Filter Type="Utils"/>
    <File Path="$PSRCDIR/utils_1/imports/synth_1/shift_reg.dcp">
      <FileInfo>
        <Attr Name="UsedIn" Val="synthesis"/>
        <Attr Name="UsedIn" Val="implementation"/>
        <Attr Name="UsedInSteps" Val="synth_1"/>
        <Attr Name="AutoDcp" Val="1"/>
      </FileInfo>
    </File>
    <Config>
      <Option Name="TopAutoSet" Val="TRUE"/>
    </Config>
  </FileSet>
  <Strategy Version="1" Minor="2">
    <StratHandle Name="Vivado Implementation Defaults" Flow="Vivado Implementation 2024"/>
    <Step Id="init_design"/>
    <Step Id="opt_design"/>
    <Step Id="power_opt_design"/>
    <Step Id="place_design"/>
    <Step Id="post_place_power_opt_design"/>
    <Step Id="phys_opt_design"/>
    <Step Id="route_design"/>
    <Step Id="post_route_phys_opt_design"/>
    <Step Id="write_bitstream"/>
  </Strategy>
</GenRun>
