<?xml version="1.0" encoding="UTF-8"?>
<GenRun Id="impl_1" LaunchPart="xc7a100tcsg324-1" LaunchTime="1730956212">
  <File Type="ROUTE-PWR" Name="up_down_counter_power_routed.rpt"/>
  <File Type="PA-TCL" Name="up_down_counter.tcl"/>
  <File Type="ROUTE-PWR-SUM" Name="up_down_counter_power_summary_routed.pb"/>
  <File Type="REPORTS-TCL" Name="up_down_counter_reports.tcl"/>
  <File Type="BITSTR-MSK" Name="up_down_counter.msk"/>
  <File Type="ROUTE-CLK" Name="up_down_counter_clock_utilization_routed.rpt"/>
  <File Type="RDI-RDI" Name="up_down_counter.vdi"/>
  <File Type="POSTROUTE-PHYSOPT-BUS-SKEW-PB" Name="up_down_counter_bus_skew_postroute_physopted.pb"/>
  <File Type="BG-BIT" Name="up_down_counter.bit"/>
  <File Type="BG-DRC" Name="up_down_counter.drc"/>
  <File Type="BG-BGN" Name="up_down_counter.bgn"/>
  <File Type="BG-BIN" Name="up_down_counter.bin"/>
  <File Type="BITSTR-RBT" Name="up_down_counter.rbt"/>
  <File Type="BITSTR-NKY" Name="up_down_counter.nky"/>
  <File Type="BITSTR-BMM" Name="up_down_counter_bd.bmm"/>
  <File Type="BITSTR-MMI" Name="up_down_counter.mmi"/>
  <File Type="ROUTE-METHODOLOGY-DRC" Name="up_down_counter_methodology_drc_routed.rpt"/>
  <File Type="BITSTR-SYSDEF" Name="up_down_counter.sysdef"/>
  <File Type="ROUTE-METHODOLOGY-DRC-PB" Name="up_down_counter_methodology_drc_routed.pb"/>
  <File Type="BITSTR-LTX" Name="debug_nets.ltx"/>
  <File Type="BITSTR-LTX" Name="up_down_counter.ltx"/>
  <File Type="BOOT-PDI-FILE" Name="up_down_counter_boot.pdi"/>
  <File Type="WBT-USG" Name="usage_statistics_webtalk.html"/>
  <File Type="NPI_FILE" Name="up_down_counter.npi"/>
  <File Type="OPT-DRC" Name="up_down_counter_drc_opted.rpt"/>
  <File Type="RBD_FILE" Name="up_down_counter.rbd"/>
  <File Type="OPT-HWDEF" Name="up_down_counter.hwdef"/>
  <File Type="PLACE-IO" Name="up_down_counter_io_placed.rpt"/>
  <File Type="PLACE-UTIL" Name="up_down_counter_utilization_placed.rpt"/>
  <File Type="PLACE-UTIL-PB" Name="up_down_counter_utilization_placed.pb"/>
  <File Type="PLACE-CTRL" Name="up_down_counter_control_sets_placed.rpt"/>
  <File Type="PLACE-PRE-SIMILARITY" Name="up_down_counter_incremental_reuse_pre_placed.rpt"/>
  <File Type="ROUTE-DRC" Name="up_down_counter_drc_routed.rpt"/>
  <File Type="ROUTE-DRC-PB" Name="up_down_counter_drc_routed.pb"/>
  <File Type="ROUTE-PWR-RPX" Name="up_down_counter_power_routed.rpx"/>
  <File Type="ROUTE-STATUS" Name="up_down_counter_route_status.rpt"/>
  <File Type="ROUTE-STATUS-PB" Name="up_down_counter_route_status.pb"/>
  <File Type="ROUTE-DCP" Name="up_down_counter_routed.dcp"/>
  <File Type="ROUTE-ERROR-DCP" Name="up_down_counter_routed_error.dcp"/>
  <File Type="ROUTE-BLACKBOX-DCP" Name="up_down_counter_routed_bb.dcp"/>
  <File Type="ROUTE-TIMINGSUMMARY" Name="up_down_counter_timing_summary_routed.rpt"/>
  <File Type="ROUTE-TIMING-PB" Name="up_down_counter_timing_summary_routed.pb"/>
  <File Type="ROUTE-TIMING-RPX" Name="up_down_counter_timing_summary_routed.rpx"/>
  <File Type="ROUTE-SIMILARITY" Name="up_down_counter_incremental_reuse_routed.rpt"/>
  <File Type="ROUTE-BUS-SKEW" Name="up_down_counter_bus_skew_routed.rpt"/>
  <File Type="ROUTE-BUS-SKEW-PB" Name="up_down_counter_bus_skew_routed.pb"/>
  <File Type="ROUTE-BUS-SKEW-RPX" Name="up_down_counter_bus_skew_routed.rpx"/>
  <File Type="OPT-DCP" Name="up_down_counter_opt.dcp"/>
  <File Type="PLACE-DCP" Name="up_down_counter_placed.dcp"/>
  <File Type="PWROPT-DCP" Name="up_down_counter_pwropt.dcp"/>
  <File Type="POSTPLACE-PWROPT-DCP" Name="up_down_counter_postplace_pwropt.dcp"/>
  <File Type="PHYSOPT-DCP" Name="up_down_counter_physopt.dcp"/>
  <File Type="POSTROUTE-PHYSOPT-DCP" Name="up_down_counter_postroute_physopt.dcp"/>
  <File Type="POSTROUTE-PHYSOPT-BLACKBOX-DCP" Name="up_down_counter_postroute_physopt_bb.dcp"/>
  <File Type="POSTROUTE-PHYSOPT-TIMING" Name="up_down_counter_timing_summary_postroute_physopted.rpt"/>
  <File Type="POSTROUTE-PHYSOPT-TIMING-PB" Name="up_down_counter_timing_summary_postroute_physopted.pb"/>
  <File Type="POSTROUTE-PHYSOPT-TIMING-RPX" Name="up_down_counter_timing_summary_postroute_physopted.rpx"/>
  <File Type="POSTROUTE-PHYSOPT-BUS-SKEW" Name="up_down_counter_bus_skew_postroute_physopted.rpt"/>
  <File Type="POSTROUTE-PHYSOPT-BUS-SKEW-RPX" Name="up_down_counter_bus_skew_postroute_physopted.rpx"/>
  <File Type="ROUTE-DRC-RPX" Name="up_down_counter_drc_routed.rpx"/>
  <File Type="ROUTE-METHODOLOGY-DRC-RPX" Name="up_down_counter_methodology_drc_routed.rpx"/>
  <File Type="PDI-FILE" Name="up_down_counter.pdi"/>
  <File Type="PL-PDI-FILE" Name="up_down_counter_pld.pdi"/>
  <File Type="RCFI_FILE" Name="up_down_counter.rcfi"/>
  <File Type="CFI_FILE" Name="up_down_counter.cfi"/>
  <File Type="RNPI_FILE" Name="up_down_counter.rnpi"/>
  <File Type="ROUTE-RQS" Name="up_down_counter_routed.rqs"/>
  <File Type="POSTROUTE-PHYSOPT-RQS" Name="up_down_counter_postroute_physopted.rqs"/>
  <File Type="ROUTE-RQS-RPT" Name="route_report_qor_suggestions_0.rpt"/>
  <File Type="POSTROUTE-PHYSOPT-RQS-RPT" Name="postroute_physopt_report_qor_suggestions_0.rpt"/>
  <FileSet Name="sources" Type="DesignSrcs" RelSrcDir="$PSRCDIR/sources_1" RelGenDir="$PGENDIR/sources_1">
    <Filter Type="Srcs"/>
    <File Path="$PSRCDIR/sources_1/new/up_down_counter.v">
      <FileInfo>
        <Attr Name="UsedIn" Val="synthesis"/>
        <Attr Name="UsedIn" Val="implementation"/>
        <Attr Name="UsedIn" Val="simulation"/>
      </FileInfo>
    </File>
    <Config>
      <Option Name="DesignMode" Val="RTL"/>
      <Option Name="TopModule" Val="up_down_counter"/>
      <Option Name="TopAutoSet" Val="TRUE"/>
    </Config>
  </FileSet>
  <FileSet Name="constrs_in" Type="Constrs" RelSrcDir="$PSRCDIR/constrs_1" RelGenDir="$PGENDIR/constrs_1">
    <Filter Type="Constrs"/>
    <Config>
      <Option Name="ConstrsType" Val="XDC"/>
    </Config>
  </FileSet>
  <FileSet Name="utils" Type="Utils" RelSrcDir="$PSRCDIR/utils_1" RelGenDir="$PGENDIR/utils_1">
    <Filter Type="Utils"/>
    <Config>
      <Option Name="TopAutoSet" Val="TRUE"/>
    </Config>
  </FileSet>
  <Strategy Version="1" Minor="2">
    <StratHandle Name="Vivado Implementation Defaults" Flow="Vivado Implementation 2024"/>
    <Step Id="init_design"/>
    <Step Id="opt_design"/>
    <Step Id="power_opt_design"/>
    <Step Id="place_design"/>
    <Step Id="post_place_power_opt_design"/>
    <Step Id="phys_opt_design"/>
    <Step Id="route_design"/>
    <Step Id="post_route_phys_opt_design"/>
    <Step Id="write_bitstream"/>
    <Step Id="write_device_image"/>
  </Strategy>
</GenRun>
